John,Doe,2022-11-08,john.doe@outlook.com,a,a

azertyuiopqsdfghjklmwxcvbn,Name,2022-11-15,john.doe@outlook.com,a,a
aaaaaaaaaaaaaaaaaaaaaaaaaaaaaaaaaaaaaaaaaaaaaaaaaaaaaaaaaaaaa,z,2022-11-23,poznan@outlook.com,u,u
zzzzzzzzzzzzzzzzzzzzzzzzzzzzzzzzzzzzzzzzzzzzzzzzzzzzzzz,d,2022-11-17,tofpasto@outlook.com,z,z
a,z,2022-11-09,louisamstrong@ou.com,z,z
dddddddddddddddddddddddddddddddddddddddddddddddddddddddddddddddddddd,d,2022-11-16,trtzzer@yuy.oma,d,d
ù%*$,erer,2022-11-10,e@r.ht,e,e
aaaaaaaaaaaaaaaaaaaaaaaaaaaaaaaaaaaaaaaaaaaaaaaaaaaaaaaaaaaaaa,a,2022-11-15,trtzzer@yuy.om,a,a
%µ£$,a,2022-11-09,john.doe@outlook.com,a,a
aaaaaaaaaaaaaaaaaaaaaaaaaaaaaaaaaaaaaaaaaaaaaaaaaaaaaaaaaaaaaaaaaaaaaaaaaaaaaaaaaa,a,2022-11-09,trtzzer@yuy.om,a,a
zzzzzzzzzzzzzzzzzzzzzzzzzzzzzzzzzzzzzzzzzzzzzzzzzzzzzzz,z,2022-11-09,tofpasto@outlook.com,a,a
@&µµù%,aaa,2022-11-03,trtzzer@yuy.om,z,z
aaaaaaaaaaaaaaaaaaaaaaaaaaaaaaaaaaaaaaaaaaaaaaaaaaaaaaaaaaaa,a,2022-11-15,tofpasto@outlook.com,a,a
zzzzzzzzzzzzzzzzzzzzzzzzzzzzzzzzzzzzzzzzzzzzz,z,2022-11-09,poznan@outlook.com,z,z
rrrrrrrrrrrrrrrrrrrrrrrrrrrrrrrrrrrrrrrrrrrrrrr,r,2022-11-10,tofpasto@outlook.com,r,r
eeeeeeeeeeeeeeeeeeeeeeeeeeeeeeeeeeeeeeeeee,z,2022-11-09,john.doe@outlook.com,e,e
&z,z,2022-11-01,tofpasto@outlook.com,z,z
John,Doe,2022-11-17,trtzzer@yuy.om,z,z
$fdds,fd,2022-11-09,louisamstrong@ou.com,d,d
John,&ze$,2022-11-16,tofpasto@outlook.com,z,z
John,&ze$,2022-11-15,john.doe@outlook.com,s,s
&é$,Doe,2022-11-22,john.doe@outlook.com,z,z
John,Doez,2022-11-17,utilisateur@exemple.com,z,z
John,Doe,2022-11-03,utilisateur@exemple.com,z,z
